"","N_lambda","N_mu","N_both","N_lambda_ratio","N_mu_ratio","N_both_ratio","N_delta_mu","N_delta_lambda","N_sum","tree_index"
"1",0,0,1,0,0,1,0.149658784555785,-0.0576607650839353,1,1
"2",1,1,0,0.5,0.5,0,-0.0788527469506606,-0.118279120425991,2,2
"3",0,1,2,0,0.333333333333333,0.666666666666667,0.260877059055613,0.106209056407687,3,3
"4",0,1,0,0,1,0,-0.0384405100559568,0,1,4
"5",0,0,1,0,0,1,-0.0788527469506606,-0.118279120425991,1,5
"6",0,1,2,0,0.333333333333333,0.666666666666667,0.22046482216091,0.166827411749742,3,6
"7",0,0,1,0,0,1,-0.0788527469506606,-0.118279120425991,1,7
"8",2,0,3,0.4,0,0.6,0.228511531506446,-0.740237769345152,5,8
"9",1,1,0,0.5,0.5,0,0.149658784555785,0.224488176833678,2,9
"10",0,0,1,0,0,1,0.149658784555785,0.224488176833678,1,10
"11",0,1,0,0,1,0,-0.0384405100559568,0,1,11
"12",0,0,1,0,0,1,-0.0384405100559568,-0.118279120425991,1,12
"13",0,0,1,0,0,1,-0.0788527469506606,0.224488176833678,1,13
"14",0,0,1,0,0,1,-0.0384405100559568,0.224488176833678,1,14
"15",2,1,3,0.333333333333333,0.166666666666667,0.5,-0.194174277118531,0.347983169891345,6,15
"16",1,0,1,0.5,0,0.5,0.0499644678226103,0.0172859366499803,2,16
"17",1,2,4,0.142857142857143,0.285714285714286,0.571428571428571,0.121236710684111,-0.426826472753768,7,17
"18",0,0,2,0,0,1,0.0708060376051245,-0.115321530167871,2,18
"19",0,0,1,0,0,1,-0.0788527469506606,0.224488176833678,1,19
"20",0,0,3,0,0,1,0.120770505427735,0.109166646665807,3,20
"21",1,0,0,1,0,0,0,0.0749467017339156,1,21
"22",0,0,3,0,0,1,0.161182742322439,0.39131558858342,3,22
"23",0,0,1,0,0,1,-0.0788527469506606,0.0749467017339156,1,23
"24",0,2,1,0,0.666666666666667,0.333333333333333,0.120770505427735,0.0749467017339156,3,24
"25",1,0,0,1,0,0,0,-0.0576607650839353,1,25
"26",0,0,1,0,0,1,-0.0788527469506606,-0.0576607650839353,1,26
"27",2,1,5,0.25,0.125,0.625,0.0627593282595883,1.13972682081837,8,27
"28",1,1,1,0.333333333333333,0.333333333333333,0.333333333333333,0.0115239577666535,0.299434878567593,3,28
"29",1,0,1,0.5,0,0.5,0.149658784555785,-0.115321530167871,2,29
"30",1,0,0,1,0,0,0,0.0749467017339156,1,30
"31",0,0,1,0,0,1,0.0499644678226103,-0.0576607650839353,1,31
"32",1,1,1,0.333333333333333,0.333333333333333,0.333333333333333,-0.0768810201119137,0.0172859366499803,3,32
"33",0,0,8,0,0,1,-0.627523417351191,-1.17192818636253,8,33
"34",0,0,1,0,0,1,0.0499644678226103,0.224488176833678,1,34
"35",2,0,0,1,0,0,0,0.0172859366499803,2,35
"36",3,0,7,0.3,0,0.7,-0.0558048314173536,-0.17072401287825,10,36
"37",0,0,2,0,0,1,-0.0288882791280503,0.166827411749742,2,37
"38",0,0,2,0,0,1,0.0708060376051245,0.106209056407687,2,38
"39",1,0,0,1,0,0,0,-0.0576607650839353,1,39
"40",0,0,1,0,0,1,-0.0788527469506606,0.224488176833678,1,40
"41",1,0,0,1,0,0,0,-0.118279120425991,1,41
"42",0,1,3,0,0.25,0.75,0.170734973250345,0.0922326383838959,4,42
"43",0,0,1,0,0,1,-0.0788527469506606,-0.118279120425991,1,43
"44",0,1,0,0,1,0,0.149658784555785,0,1,44
"45",0,0,3,0,0,1,-0.0673287891840071,0.181155758141602,3,45
"46",1,1,6,0.125,0.125,0.75,0.61820580533533,-0.204943957810141,8,46
"47",1,1,0,0.5,0.5,0,0.149658784555785,-0.0576607650839353,2,47
"48",0,0,1,0,0,1,-0.0788527469506606,-0.118279120425991,1,48
"49",1,0,1,0.5,0,0.5,-0.0384405100559568,0.166827411749742,2,49
"50",0,1,1,0,0.5,0.5,0.0708060376051245,0.0749467017339156,2,50
"51",0,0,3,0,0,1,0.161182742322439,0.374381580301509,3,51
"52",1,0,1,0.5,0,0.5,-0.0384405100559568,0.166827411749742,2,52
"53",1,3,5,0.111111111111111,0.333333333333333,0.555555555555556,-0.104263777657594,-0.351879771019852,9,53
"54",1,0,2,0.333333333333333,0,0.666666666666667,0,-0.175939885509926,3,54
"55",1,5,5,0.0909090909090909,0.454545454545455,0.454545454545455,0.297580461184869,-0.175587957141857,11,55
"56",1,1,1,0.333333333333333,0.333333333333333,0.333333333333333,-0.117293257006617,-0.175939885509926,3,56
"57",0,1,1,0,0.5,0.5,-0.0288882791280503,0.0749467017339156,2,57
"58",2,2,2,0.333333333333333,0.333333333333333,0.333333333333333,-0.146181536134668,0.167179340117812,6,58
"59",0,1,3,0,0.25,0.75,-0.155733767062574,-0.161611539118066,4,59
"60",1,0,3,0.25,0,0.75,0.448976353667355,0.241774113483658,4,60
"61",0,1,1,0,0.5,0.5,-0.0288882791280503,-0.118279120425991,2,61
"62",0,0,1,0,0,1,0.149658784555785,-0.118279120425991,1,62
"63",0,2,2,0,0.5,0.5,0.0499644678226103,0.166827411749742,4,63
"64",0,1,2,0,0.333333333333333,0.666666666666667,0.0323655275491676,0.299434878567593,3,64
"65",1,1,2,0.25,0.25,0.5,-0.228511531506446,-0.149541475099762,4,65
"66",2,2,7,0.181818181818182,0.181818181818182,0.636363636363636,-0.271521502486821,0.0397877459316369,11,66
"67",0,1,2,0,0.333333333333333,0.666666666666667,-0.155733767062574,-0.236558240851982,3,67
"68",0,0,3,0,0,1,0.0708060376051245,0.0172859366499803,3,68
"69",0,0,6,0,0,1,-0.184622046190625,0.198441694791583,6,69
"70",0,0,1,0,0,1,-0.0384405100559568,0.0749467017339156,1,70
"71",3,0,7,0.3,0,0.7,0.647328703375426,-0.0237927485201129,10,71
"72",1,0,1,0.5,0,0.5,-0.0384405100559568,-0.0576607650839353,2,72
"73",0,1,0,0,1,0,0.149658784555785,0,1,73
"74",0,0,3,0,0,1,0.120770505427735,-0.100993183776011,3,74
"75",5,4,8,0.294117647058824,0.235294117647059,0.470588235294118,-0.0313262112231738,-1.79980201579793,17,75
"76",0,0,1,0,0,1,-0.0788527469506606,0.0749467017339156,1,76
"77",0,0,1,0,0,1,-0.0384405100559568,-0.0576607650839353,1,77
"78",0,2,2,0,0.5,0.5,-0.0653570623452602,0.448976353667355,4,78
"79",0,0,2,0,0,1,0.199623252378395,0.166827411749742,2,79
"80",0,0,1,0,0,1,-0.0384405100559568,0.224488176833678,1,80
"81",0,0,1,0,0,1,0.0499644678226103,-0.118279120425991,1,81
"82",0,0,1,0,0,1,-0.0384405100559568,0.0749467017339156,1,82
"83",0,0,1,0,0,1,-0.0384405100559568,-0.0576607650839353,1,83
"84",1,1,3,0.2,0.2,0.6,0.141612075210249,-0.0697308291022394,5,84
"85",0,0,1,0,0,1,-0.0384405100559568,-0.0576607650839353,1,85
"86",0,0,2,0,0,1,-0.157705493901321,-0.0433324186920753,2,86
"87",1,1,2,0.25,0.25,0.5,0.0323655275491676,-0.040374828433955,4,87
"88",1,0,0,1,0,0,0,0.224488176833678,1,88
"89",0,0,1,0,0,1,-0.0384405100559568,-0.118279120425991,1,89
"90",0,0,2,0,0,1,0.111218274499828,0.0172859366499803,2,90
"91",1,0,5,0.166666666666667,0,0.833333333333333,-0.0673287891840071,-0.127391594186175,6,91
"92",0,1,1,0,0.5,0.5,0.0708060376051245,-0.0576607650839353,2,92
"93",0,0,1,0,0,1,0.149658784555785,0.0749467017339156,1,93
"94",0,0,1,0,0,1,0.0499644678226103,-0.118279120425991,1,94
"95",1,0,1,0.5,0,0.5,0.149658784555785,-0.0433324186920753,2,95
"96",1,0,4,0.2,0,0.8,-0.105769299239964,0.184113348399723,5,96
"97",1,0,4,0.2,0,0.8,0.188099294611742,-0.0407267568020241,5,97
"98",0,0,4,0,0,1,-0.155733767062574,0.0172859366499803,4,98
"99",0,0,1,0,0,1,0.0499644678226103,-0.118279120425991,1,99
"100",0,0,1,0,0,1,-0.0788527469506606,0.224488176833678,1,100
"101",1,0,0,1,0,0,0,-0.118279120425991,1,101
"102",0,2,3,0,0.4,0.6,-0.0849277294574498,-0.040374828433955,5,102
"103",1,0,0,1,0,0,0,0.224488176833678,1,103
"104",0,0,2,0,0,1,0.0999289356452207,0.299434878567593,2,104
"105",0,3,2,0,0.6,0.4,-0.225034283085328,0.448976353667355,5,105
"106",1,0,1,0.5,0,0.5,-0.0384405100559568,0.149893403467831,2,106
"107",0,0,2,0,0,1,0.0708060376051245,0.166827411749742,2,107
"108",0,1,2,0,0.333333333333333,0.666666666666667,0.0727777644438714,0.0172859366499803,3,108
"109",0,2,1,0,0.666666666666667,0.333333333333333,0.22046482216091,-0.0576607650839353,3,109
"110",2,1,2,0.4,0.2,0.4,-0.236558240851982,-0.158653948859946,5,110
"111",0,1,0,0,1,0,-0.0788527469506606,0,1,111
"112",2,0,1,0.666666666666667,0,0.333333333333333,0.0499644678226103,0.374381580301509,3,112
"113",0,1,2,0,0.333333333333333,0.666666666666667,0.22046482216091,0.166827411749742,3,113
"114",0,0,1,0,0,1,-0.0788527469506606,-0.0576607650839353,1,114
"115",0,1,3,0,0.25,0.75,-0.115321530167871,-0.118279120425991,4,115
"116",3,2,7,0.25,0.166666666666667,0.583333333333333,-0.102292050818847,0.430751406146988,12,116
"117",1,0,1,0.5,0,0.5,-0.0384405100559568,-0.0433324186920753,2,117
"118",0,0,2,0,0,1,0.0708060376051245,0.448976353667355,2,118
"119",0,1,1,0,0.5,0.5,0.0708060376051245,0.224488176833678,2,119
"120",4,3,3,0.4,0.3,0.3,0.418582552956935,-0.242713124354045,10,120
"121",0,1,2,0,0.333333333333333,0.666666666666667,0.0727777644438714,-0.175939885509926,3,121
"122",1,2,4,0.142857142857143,0.285714285714286,0.571428571428571,-0.16378047640811,-0.0230888917839746,7,122
"123",0,0,4,0,0,1,-0.00607498250678921,-0.00911247376018376,4,123
"124",1,0,1,0.5,0,0.5,-0.0384405100559568,0.448976353667355,2,124
"125",1,1,7,0.111111111111111,0.111111111111111,0.777777777777778,0.130322736355641,-0.814832542710999,9,125
"126",0,1,7,0,0.125,0.875,0.155107759815649,0.43725821801712,8,126
"127",0,0,3,0,0,1,0.0115239577666535,-0.175939885509926,3,127
"128",1,0,0,1,0,0,0,-0.0576607650839353,1,128
"129",0,1,0,0,1,0,-0.0384405100559568,0,1,129
"130",0,1,0,0,1,0,-0.0384405100559568,0,1,130
"131",0,0,1,0,0,1,-0.0384405100559568,0.0749467017339156,1,131
"132",0,0,4,0,0,1,0.211147210145049,0.615803765417098,4,132
"133",0,1,1,0,0.5,0.5,0.0708060376051245,-0.0576607650839353,2,133
"134",0,1,1,0,0.5,0.5,-0.0288882791280503,0.224488176833678,2,134
"135",0,0,1,0,0,1,0.149658784555785,-0.0576607650839353,1,135
"136",0,0,2,0,0,1,-0.117293257006617,0.299434878567593,2,136
"137",0,0,1,0,0,1,-0.0788527469506606,0.0749467017339156,1,137
"138",1,1,4,0.166666666666667,0.166666666666667,0.666666666666667,0.26892376840115,-0.549969537443366,6,138
"139",0,0,2,0,0,1,0.0999289356452207,0.0172859366499803,2,139
"140",1,1,3,0.2,0.2,0.6,-0.105769299239964,0.123494993057667,5,140
"141",0,0,2,0,0,1,-0.117293257006617,0.166827411749742,2,141
"142",1,1,2,0.25,0.25,0.5,-0.196146003957278,-0.040374828433955,4,142
"143",0,0,4,0,0,1,-0.105769299239964,-0.158653948859946,4,143
"144",1,1,2,0.25,0.25,0.5,0.02107618869456,0.109166646665807,4,144
"145",0,0,1,0,0,1,0.0499644678226103,0.0749467017339156,1,145
"146",2,2,2,0.333333333333333,0.333333333333333,0.333333333333333,-0.0173643213613968,0.149893403467831,6,146
"147",0,0,3,0,0,1,-0.0269165522893033,0.39131558858342,3,147
"148",0,0,2,0,0,1,-0.157705493901321,0.166827411749742,2,148
"149",0,0,1,0,0,1,0.0499644678226103,-0.118279120425991,1,149
"150",0,1,0,0,1,0,0.149658784555785,0,1,150
"151",0,2,2,0,0.5,0.5,0.023047915533307,0.299434878567593,4,151
"152",0,0,4,0,0,1,-0.105769299239964,-0.158653948859946,4,152
"153",0,1,1,0,0.5,0.5,0.0708060376051245,0.0749467017339156,2,153
"154",0,0,1,0,0,1,-0.0384405100559568,0.224488176833678,1,154
"155",0,0,1,0,0,1,-0.0384405100559568,-0.0576607650839353,1,155
"156",0,0,2,0,0,1,0.111218274499828,0.106209056407687,2,156
"157",0,0,3,0,0,1,-0.155733767062574,-0.294219005935917,3,157
"158",0,0,1,0,0,1,0.0499644678226103,0.224488176833678,1,158
"159",0,1,2,0,0.333333333333333,0.666666666666667,0.161182742322439,0.448976353667355,3,159
"160",2,2,2,0.333333333333333,0.333333333333333,0.333333333333333,-0.046487219401493,0.273036468157429,6,160
"161",0,1,0,0,1,0,-0.0788527469506606,0,1,161
"162",0,2,0,0,1,0,-0.117293257006617,0,2,162
"163",4,0,0,1,0,0,0,0.316720815217574,4,163
"164",1,4,3,0.125,0.5,0.375,0.155107759815649,-0.158653948859946,8,164
"165",0,0,2,0,0,1,-0.0288882791280503,-0.0433324186920753,2,165
"166",1,0,2,0.333333333333333,0,0.666666666666667,0.0708060376051245,-0.0120700640183041,3,166
"167",1,1,0,0.5,0.5,0,0.149658784555785,0.224488176833678,2,167
"168",0,0,2,0,0,1,0.0708060376051245,-0.0433324186920753,2,168
"169",1,0,5,0.166666666666667,0,0.833333333333333,-0.0868994562961968,0.449328282035424,6,169
"170",0,0,1,0,0,1,0.0499644678226103,0.224488176833678,1,170
"171",0,0,1,0,0,1,0.149658784555785,-0.0576607650839353,1,171
"172",0,0,2,0,0,1,-0.117293257006617,0.166827411749742,2,172
"173",0,0,1,0,0,1,-0.0788527469506606,-0.118279120425991,1,173
"174",1,0,0,1,0,0,0,0.0749467017339156,1,174
"175",0,0,8,0,0,1,-0.0349632616348395,0.4086015252334,8,175
"176",0,1,0,0,1,0,-0.0788527469506606,0,1,176
"177",0,0,3,0,0,1,-0.0673287891840071,0.241774113483658,3,177
"178",1,0,0,1,0,0,0,0.0749467017339156,1,178
"179",0,0,3,0,0,1,-0.196146003957278,-0.0120700640183041,3,179
"180",2,0,2,0.5,0,0.5,-0.0768810201119137,0.374381580301509,4,180
"181",5,8,29,0.119047619047619,0.19047619047619,0.69047619047619,3.65047488617491,-0.58665458661835,42,181
"182",0,2,4,0,0.333333333333333,0.666666666666667,0.193548269871606,0.466262290317336,6,182
"183",0,2,2,0,0.5,0.5,-0.0291228980400962,0,4,183
"184",0,0,1,0,0,1,-0.0788527469506606,0.224488176833678,1,184
"185",1,0,5,0.166666666666667,0,0.833333333333333,-0.184622046190625,0.42292987162526,6,185
"186",0,1,2,0,0.333333333333333,0.666666666666667,-0.155733767062574,-0.0433324186920753,3,186
"187",1,0,6,0.142857142857143,0,0.857142857142857,-0.0349632616348395,-0.0494873021941387,7,187
"188",0,0,4,0,0,1,0.128817214773271,-0.518707182769595,4,188
"189",1,1,5,0.142857142857143,0.142857142857143,0.714285714285714,0.0399460316383272,0.0749467017339156,7,189
"190",2,0,4,0.333333333333333,0,0.666666666666667,-0.146181536134668,0.0364782273054474,6,190
"191",1,0,1,0.5,0,0.5,0.149658784555785,0.166827411749742,2,191
"192",1,1,1,0.333333333333333,0.333333333333333,0.333333333333333,-0.117293257006617,0.299434878567593,3,192
"193",0,1,6,0,0.142857142857143,0.857142857142857,-0.213510325318675,0.212770041183443,7,193
"194",0,0,3,0,0,1,0.249587720201006,0.181155758141602,3,194
"195",1,1,1,0.333333333333333,0.333333333333333,0.333333333333333,0.199623252378395,0.224488176833678,3,195
"196",0,0,1,0,0,1,-0.0788527469506606,-0.118279120425991,1,196
"197",0,0,2,0,0,1,0.0999289356452207,-0.175939885509926,2,197
"198",1,1,1,0.333333333333333,0.333333333333333,0.333333333333333,-0.117293257006617,0.0172859366499803,3,198
"199",1,3,5,0.111111111111111,0.333333333333333,0.555555555555556,0.0245534371156774,0.167179340117812,9,199
"200",0,1,5,0,0.166666666666667,0.833333333333333,-0.0866648373841509,0.154757347731438,6,200
"201",1,1,1,0.333333333333333,0.333333333333333,0.333333333333333,-0.117293257006617,-0.175939885509926,3,201
"202",3,0,8,0.272727272727273,0,0.727272727272727,0.223942070582027,0.278604269157175,11,202
"203",0,0,2,0,0,1,-0.0788527469506606,-0.0576607650839353,2,203
"204",3,0,5,0.375,0,0.625,0.172706700089092,0.705078813542873,8,204
"205",0,0,3,0,0,1,-0.196146003957278,0.0485482913237515,3,205
"206",0,1,1,0,0.5,0.5,-0.0288882791280503,-0.0576607650839353,2,206
"207",0,0,1,0,0,1,-0.0788527469506606,-0.0576607650839353,1,207
"208",3,4,7,0.214285714285714,0.285714285714286,0.5,0.490324033642527,-0.692388785905965,14,208
"209",0,0,2,0,0,1,-0.157705493901321,0.448976353667355,2,209
"210",1,0,1,0.5,0,0.5,-0.0788527469506606,-0.175939885509926,2,210
"211",0,0,2,0,0,1,-0.117293257006617,0.299434878567593,2,211
"212",3,1,4,0.375,0.125,0.5,-0.232614787174488,0.184465276767792,8,212
"213",3,1,8,0.25,0.0833333333333333,0.666666666666667,0.30199012011874,-2.11321331238931,12,213
"214",1,0,0,1,0,0,0,-0.0576607650839353,1,214
"215",0,2,2,0,0.5,0.5,-0.105769299239964,0.0172859366499803,4,215
"216",0,0,1,0,0,1,-0.0788527469506606,0.0749467017339156,1,216
"217",2,1,2,0.4,0.2,0.4,0.120770505427735,0.0345718732999606,5,217
"218",1,0,0,1,0,0,0,-0.0576607650839353,1,218
"219",1,0,4,0.2,0,0.8,-0.194174277118531,0.275994058415549,5,219
"220",1,1,1,0.333333333333333,0.333333333333333,0.333333333333333,0.111218274499828,0.448976353667355,3,220
"221",1,0,0,1,0,0,0,-0.118279120425991,1,221
"222",0,1,1,0,0.5,0.5,-0.117293257006617,-0.0576607650839353,2,222
"223",0,1,0,0,1,0,-0.0788527469506606,0,1,223
"224",3,5,18,0.115384615384615,0.192307692307692,0.692307692307692,-0.70516725551198,-3.61228951038119,26,224
"225",0,0,1,0,0,1,-0.0384405100559568,0.224488176833678,1,225
"226",0,0,4,0,0,1,0.31888823622376,-0.48935118210131,4,226
"227",0,1,0,0,1,0,-0.0788527469506606,0,1,227
"228",0,0,2,0,0,1,-0.157705493901321,0.149893403467831,2,228
"229",0,2,1,0,0.666666666666667,0.333333333333333,-0.00804670934553617,0.0749467017339156,3,229
"230",2,1,2,0.4,0.2,0.4,-0.196146003957278,0.184113348399723,5,230
"231",0,0,6,0,0,1,0.410770462523444,0.212770041183443,6,231
"232",0,0,3,0,0,1,-0.157705493901321,0.224488176833678,3,232
"233",1,0,0,1,0,0,0,-0.118279120425991,1,233
"234",0,1,1,0,0.5,0.5,0.111218274499828,-0.118279120425991,2,234
"235",0,0,1,0,0,1,0.0499644678226103,-0.0576607650839353,1,235
"236",2,0,6,0.25,0,0.75,0.0710406565171704,0.198441694791583,8,236
"237",1,0,4,0.2,0,0.8,0.0343372543879146,0.52427498376934,5,237
"238",1,0,3,0.25,0,0.75,0.161182742322439,-0.0697308291022394,4,238
"239",1,1,5,0.142857142857143,0.142857142857143,0.714285714285714,0.0534417162437276,0.169085694123298,7,239
"240",0,0,1,0,0,1,0.149658784555785,0.224488176833678,1,240
"241",1,1,3,0.2,0.2,0.6,0.0823299953717779,0.123494993057667,5,241
"242",2,0,3,0.4,0,0.6,-0.115321530167871,0.109518575033876,5,242
"243",0,1,0,0,1,0,-0.0788527469506606,0,1,243
"244",1,0,0,1,0,0,0,-0.0576607650839353,1,244
"245",0,2,2,0,0.5,0.5,0.0823299953717779,0.0172859366499803,4,245
"246",0,1,1,0,0.5,0.5,-0.0288882791280503,-0.0576607650839353,2,246
"247",0,1,0,0,1,0,0.0499644678226103,0,1,247
"248",0,1,1,0,0.5,0.5,0.0999289356452207,0.224488176833678,2,248
"249",1,0,5,0.166666666666667,0,0.833333333333333,0.339729806006274,0.000351928368069132,6,249
"250",2,4,4,0.2,0.4,0.4,0.262382580637984,0.497524644991107,10,250
"251",3,0,4,0.428571428571429,0,0.571428571428571,0.023047915533307,0.708036403800994,7,251
"252",0,1,3,0,0.25,0.75,0.023047915533307,-0.161611539118066,4,252
"253",1,0,0,1,0,0,0,-0.0576607650839353,1,253
"254",0,0,3,0,0,1,-0.0673287891840071,0.0316142830418403,3,254
"255",1,1,9,0.0909090909090909,0.0909090909090909,0.818181818181818,0.933851412050018,-1.53162949190411,11,255
"256",0,0,1,0,0,1,-0.0788527469506606,0.0749467017339156,1,256
"257",1,1,1,0.333333333333333,0.333333333333333,0.333333333333333,0.199623252378395,-0.115321530167871,3,257
"258",0,0,1,0,0,1,0.149658784555785,0.0749467017339156,1,258
"259",0,0,2,0,0,1,0.0708060376051245,-0.0433324186920753,2,259
"260",1,1,0,0.5,0.5,0,-0.0788527469506606,-0.0576607650839353,2,260
"261",0,0,3,0,0,1,0.0323655275491676,0.0485482913237515,3,261
"262",1,0,0,1,0,0,0,0.0749467017339156,1,262
"263",0,0,2,0,0,1,0.0115239577666535,0.0172859366499803,2,263
"264",1,0,0,1,0,0,0,0.224488176833678,1,264
"265",0,1,1,0,0.5,0.5,0.29931756911157,-0.0576607650839353,2,265
"266",0,1,0,0,1,0,0.0499644678226103,0,1,266
"267",0,0,2,0,0,1,-0.117293257006617,0.299434878567593,2,267
"268",0,0,1,0,0,1,0.0499644678226103,0.0749467017339156,1,268
"269",0,0,2,0,0,1,0.199623252378395,-0.0433324186920753,2,269
"270",1,0,0,1,0,0,0,0.224488176833678,1,270
"271",4,0,5,0.444444444444444,0,0.555555555555556,-0.044515492562746,0.678680403132709,9,271
"272",1,0,0,1,0,0,0,-0.118279120425991,1,272
"273",0,0,1,0,0,1,0.0499644678226103,-0.0576607650839353,1,273
"274",3,1,4,0.375,0.125,0.5,-0.0153925945226498,0.365269106541325,8,274
"275",0,0,2,0,0,1,-0.117293257006617,-0.115321530167871,2,275
"276",0,0,4,0,0,1,-0.0577765582561006,0.0628766377156115,4,276
"277",1,0,1,0.5,0,0.5,-0.0788527469506606,0.166827411749742,2,277
"278",1,4,7,0.0833333333333333,0.333333333333333,0.583333333333333,-0.219585307825464,0.080514502733661,12,278
"279",0,0,2,0,0,1,-0.0288882791280503,0.0172859366499803,2,279
"280",0,0,2,0,0,1,-0.0384405100559568,0.0749467017339156,2,280
"281",0,0,2,0,0,1,-0.117293257006617,-0.115321530167871,2,281
"282",0,0,1,0,0,1,-0.0788527469506606,-0.118279120425991,1,282
"283",0,0,2,0,0,1,0.0999289356452207,0.299434878567593,2,283
"284",1,0,0,1,0,0,0,0.0749467017339156,1,284
"285",1,0,1,0.5,0,0.5,-0.0384405100559568,-0.0433324186920753,2,285
"286",0,0,1,0,0,1,-0.0788527469506606,-0.118279120425991,1,286
"287",0,0,5,0,0,1,0.00197172683874695,-0.219624232570071,5,287
"288",1,0,1,0.5,0,0.5,-0.0384405100559568,-0.175939885509926,2,288
"289",0,2,1,0,0.666666666666667,0.333333333333333,-0.0673287891840071,0.0749467017339156,3,289
"290",0,1,2,0,0.333333333333333,0.666666666666667,-0.115321530167871,0.166827411749742,3,290
"291",1,1,3,0.2,0.2,0.6,0.02107618869456,0.673464530501033,5,291
"292",0,0,1,0,0,1,-0.0384405100559568,-0.118279120425991,1,292
"293",0,1,0,0,1,0,-0.0384405100559568,0,1,293
"294",1,4,5,0.1,0.4,0.5,0.673779050408353,0.28701288618122,10,294
"295",2,2,6,0.2,0.2,0.6,0.397274777918044,-1.20614813129442,10,295
"296",0,0,1,0,0,1,0.0499644678226103,0.224488176833678,1,296
"297",1,0,0,1,0,0,0,-0.118279120425991,1,297
"298",1,0,2,0.333333333333333,0,0.666666666666667,-0.157705493901321,-0.294219005935917,3,298
"299",1,1,1,0.333333333333333,0.333333333333333,0.333333333333333,0.111218274499828,0.448976353667355,3,299
"300",1,0,3,0.25,0,0.75,0.0323655275491676,-0.412498126361908,4,300
"301",3,4,19,0.115384615384615,0.153846153846154,0.730769230769231,1.78781076082338,-0.81823505215787,26,301
"302",2,0,0,1,0,0,0,0.106209056407687,2,302
"303",2,0,7,0.222222222222222,0,0.777777777777778,0.0344970563784629,-0.0410786851700932,9,303
"304",3,1,9,0.230769230769231,0.0769230769230769,0.692307692307692,0.0786211606063299,-0.79634410879167,13,304
"305",1,2,1,0.25,0.5,0.25,0.190071021450489,0.166827411749742,4,305
"306",0,1,2,0,0.333333333333333,0.666666666666667,-0.236558240851982,0.0172859366499803,3,306
"307",0,0,3,0,0,1,0.120770505427735,0.241774113483658,3,307
"308",0,1,2,0,0.333333333333333,0.666666666666667,0.0614884255892638,0.299434878567593,3,308
"309",1,1,2,0.25,0.25,0.5,-0.155733767062574,0.374381580301509,4,309
"310",1,1,1,0.333333333333333,0.333333333333333,0.333333333333333,0.0115239577666535,-0.0433324186920753,3,310
"311",0,0,1,0,0,1,-0.0788527469506606,-0.118279120425991,1,311
"312",1,3,5,0.111111111111111,0.333333333333333,0.555555555555556,0.143583802048996,-0.100993183776011,9,312
"313",1,0,0,1,0,0,0,0.224488176833678,1,313
"314",3,1,10,0.214285714285714,0.0714285714285714,0.714285714285714,-0.160303227986993,1.13096627542625,14,314
"315",0,1,6,0,0.142857142857143,0.857142857142857,-0.0141216918523254,-0.306289069954221,7,315
"316",0,1,0,0,1,0,0.149658784555785,0,1,316
"317",0,1,0,0,1,0,-0.0788527469506606,0,1,317
"318",0,0,1,0,0,1,-0.0384405100559568,-0.118279120425991,1,318
"319",0,0,2,0,0,1,0.199623252378395,-0.175939885509926,2,319
"320",2,0,11,0.153846153846154,0,0.846153846153846,-0.117762494830709,0.108462789929669,13,320
"321",1,0,2,0.333333333333333,0,0.666666666666667,0.0115239577666535,0.0922326383838959,3,321
"322",0,0,1,0,0,1,-0.0788527469506606,0.224488176833678,1,322
"323",1,3,6,0.1,0.3,0.6,0.191811161944905,-0.158653948859946,10,323
"324",0,2,3,0,0.4,0.6,-0.0962170683120574,-0.161611539118066,5,324
"325",0,0,2,0,0,1,0.199623252378395,0.299434878567593,2,325
"326",0,1,2,0,0.333333333333333,0.666666666666667,-0.00804670934553617,0.0172859366499803,3,326
"327",0,1,1,0,0.5,0.5,0.0708060376051245,-0.0576607650839353,2,327
"328",0,0,1,0,0,1,0.0499644678226103,0.224488176833678,1,328
"329",0,1,2,0,0.333333333333333,0.666666666666667,-0.0288882791280503,-0.115321530167871,3,329
"330",0,1,0,0,1,0,-0.0788527469506606,0,1,330
"331",0,0,1,0,0,1,-0.0384405100559568,-0.0576607650839353,1,331
"332",0,1,2,0,0.333333333333333,0.666666666666667,0.22046482216091,0.299434878567593,3,332
"333",1,1,4,0.166666666666667,0.166666666666667,0.666666666666667,0.0303938007104207,0.0922326383838959,6,333
"334",1,2,7,0.1,0.2,0.7,-0.428760791131766,-0.038116546060399,10,334
"335",0,2,6,0,0.25,0.75,0.687506321358084,0.572471346725022,8,335
"336",1,2,5,0.125,0.25,0.625,0.203100500799513,0.157714937989559,8,336
"337",0,0,1,0,0,1,0.149658784555785,-0.0576607650839353,1,337
"338",1,2,4,0.142857142857143,0.285714285714286,0.571428571428571,-0.232614787174488,-0.216314713943881,7,338
"339",1,0,1,0.5,0,0.5,0.149658784555785,0.0172859366499803,2,339
"340",0,0,2,0,0,1,-0.117293257006617,0.299434878567593,2,340
"341",0,0,3,0,0,1,0.0323655275491676,0.181155758141602,3,341
"342",0,0,3,0,0,1,0.34928203693418,0.181155758141602,3,342
"343",1,1,3,0.2,0.2,0.6,-0.186593773029372,0.0628766377156115,5,343
"344",0,1,1,0,0.5,0.5,0.0708060376051245,-0.0576607650839353,2,344
"345",0,0,5,0,0,1,0.00955223092790654,-0.219624232570071,5,345
"346",0,2,4,0,0.333333333333333,0.666666666666667,-0.263474793141285,0.184113348399723,6,346
"347",0,0,5,0,0,1,-0.0849277294574498,0.215375703073494,5,347
"348",1,0,4,0.2,0,0.8,-0.274998750907939,-0.0697308291022394,5,348
"349",0,0,2,0,0,1,-0.117293257006617,0.166827411749742,2,349
"350",0,0,5,0,0,1,0.291270859766034,0.0658342279737318,5,350
"351",0,0,3,0,0,1,0.02107618869456,0.39131558858342,3,351
"352",0,0,1,0,0,1,0.0499644678226103,0.0749467017339156,1,352
"353",1,1,1,0.333333333333333,0.333333333333333,0.333333333333333,-0.157705493901321,0,3,353
"354",2,1,6,0.222222222222222,0.111111111111111,0.666666666666667,0.537847536802299,-1.01292230913451,9,354
"355",0,0,1,0,0,1,0.149658784555785,0.224488176833678,1,355
"356",2,1,8,0.181818181818182,0.0909090909090909,0.727272727272727,0.399712710013167,-0.528523513265917,11,356
"357",1,0,1,0.5,0,0.5,-0.0788527469506606,0.106209056407687,2,357
"358",1,1,0,0.5,0.5,0,0.0499644678226103,-0.0576607650839353,2,358
"359",2,2,8,0.166666666666667,0.166666666666667,0.666666666666667,-0.350374249437482,-0.781311905663671,12,359
"360",2,0,1,0.666666666666667,0,0.333333333333333,-0.0384405100559568,-0.0120700640183041,3,360
"361",1,0,3,0.25,0,0.75,0.199623252378395,0.241774113483658,4,361
"362",1,0,1,0.5,0,0.5,-0.0788527469506606,0.0172859366499803,2,362
"363",0,1,0,0,1,0,0.0499644678226103,0,1,363
"364",1,2,2,0.2,0.4,0.4,-0.105769299239964,0.523923055401271,5,364
"365",0,1,0,0,1,0,-0.0384405100559568,0,1,365
"366",1,0,2,0.333333333333333,0,0.666666666666667,0.0999289356452207,0.0316142830418403,3,366
"367",0,3,8,0,0.272727272727273,0.727272727272727,0.492865838983176,0.362311516283205,11,367
"368",0,0,2,0,0,1,-0.117293257006617,0.106209056407687,2,368
"369",1,0,0,1,0,0,0,-0.0576607650839353,1,369
"370",1,0,1,0.5,0,0.5,0.0499644678226103,0.166827411749742,2,370
"371",0,0,1,0,0,1,-0.0788527469506606,0.0749467017339156,1,371
"372",0,0,1,0,0,1,-0.0788527469506606,-0.118279120425991,1,372
"373",1,0,1,0.5,0,0.5,-0.0788527469506606,0.149893403467831,2,373
"374",0,0,1,0,0,1,-0.0788527469506606,0.0749467017339156,1,374
"375",2,1,0,0.666666666666667,0.333333333333333,0,-0.0384405100559568,-0.0433324186920753,3,375
"376",0,0,1,0,0,1,-0.0384405100559568,0.0749467017339156,1,376
"377",5,2,6,0.384615384615385,0.153846153846154,0.461538461538462,0.223942070582027,0.681989921758899,13,377
"378",0,1,2,0,0.333333333333333,0.666666666666667,0.120770505427735,0.0172859366499803,3,378
"379",0,0,2,0,0,1,0.0708060376051245,0.149893403467831,2,379
"380",0,1,0,0,1,0,0.0499644678226103,0,1,380
"381",1,0,0,1,0,0,0,-0.0576607650839353,1,381
"382",0,1,2,0,0.333333333333333,0.666666666666667,-0.196146003957278,0.299434878567593,3,382
"383",0,1,1,0,0.5,0.5,-0.117293257006617,-0.0576607650839353,2,383
"384",1,1,0,0.5,0.5,0,-0.0788527469506606,-0.0576607650839353,2,384
"385",2,2,2,0.333333333333333,0.333333333333333,0.333333333333333,0.428134783884841,0.184113348399723,6,385
"386",0,1,2,0,0.333333333333333,0.666666666666667,-0.0788527469506606,0.149893403467831,3,386
"387",0,0,2,0,0,1,-0.117293257006617,0.0172859366499803,2,387
"388",0,2,1,0,0.666666666666667,0.333333333333333,-0.107741026078711,-0.118279120425991,3,388
"389",3,2,3,0.375,0.25,0.375,0.191576543032859,-0.052444892452259,8,389
"390",3,2,5,0.3,0.2,0.5,-0.0942453414733105,0.365269106541325,10,390
"391",0,1,0,0,1,0,-0.0384405100559568,0,1,391
"392",0,0,1,0,0,1,0.149658784555785,0.0749467017339156,1,392
"393",0,0,1,0,0,1,-0.0384405100559568,-0.0576607650839353,1,393
"394",3,1,1,0.6,0.2,0.2,0.0499644678226103,-0.161611539118066,5,394
"395",0,0,2,0,0,1,0.111218274499828,0.106209056407687,2,395
"396",0,0,2,0,0,1,-0.0768810201119137,-0.0433324186920753,2,396
"397",2,1,10,0.153846153846154,0.0769230769230769,0.769230769230769,0.472184071191211,-0.168822207724337,13,397
"398",0,2,0,0,1,0,-0.117293257006617,0,2,398
"399",0,0,1,0,0,1,0.149658784555785,0.0749467017339156,1,399
"400",0,0,1,0,0,1,0.0499644678226103,-0.0576607650839353,1,400
"401",0,0,2,0,0,1,-0.0288882791280503,0.0172859366499803,2,401
"402",0,0,1,0,0,1,0.0499644678226103,-0.0576607650839353,1,402
"403",0,0,1,0,0,1,-0.0788527469506606,0.224488176833678,1,403
"404",0,0,1,0,0,1,0.0499644678226103,0.224488176833678,1,404
"405",0,0,1,0,0,1,-0.0384405100559568,-0.118279120425991,1,405
"406",1,0,0,1,0,0,0,0.0749467017339156,1,406
"407",0,0,1,0,0,1,0.149658784555785,-0.0576607650839353,1,407
"408",0,1,3,0,0.25,0.75,-0.0173643213613968,0.0316142830418403,4,408
"409",0,2,1,0,0.666666666666667,0.333333333333333,0.34928203693418,0.0749467017339156,3,409
"410",0,0,2,0,0,1,-0.157705493901321,-0.175939885509926,2,410
"411",1,0,1,0.5,0,0.5,-0.0384405100559568,0.0172859366499803,2,411
"412",4,3,12,0.210526315789474,0.157894736842105,0.631578947368421,0.247149788105882,-0.583578616459801,19,412
"413",0,0,3,0,0,1,-0.00804670934553617,0.241774113483658,3,413
"414",0,0,1,0,0,1,0.0499644678226103,0.0749467017339156,1,414
"415",0,0,2,0,0,1,-0.0288882791280503,0.299434878567593,2,415
"416",1,1,1,0.333333333333333,0.333333333333333,0.333333333333333,-0.0288882791280503,0.106209056407687,3,416
"417",1,0,1,0.5,0,0.5,-0.0788527469506606,-0.115321530167871,2,417
"418",1,0,0,1,0,0,0,0.224488176833678,1,418
"419",2,0,1,0.666666666666667,0,0.333333333333333,0.0499644678226103,-0.115321530167871,3,419
"420",0,1,1,0,0.5,0.5,-0.0288882791280503,-0.0576607650839353,2,420
"421",1,2,3,0.166666666666667,0.333333333333333,0.5,-0.313439260963896,0.466262290317336,6,421
"422",1,0,0,1,0,0,0,0.224488176833678,1,422
"423",0,0,2,0,0,1,-0.117293257006617,0.149893403467831,2,423
"424",2,2,1,0.4,0.4,0.2,0.0727777644438714,-0.040374828433955,5,424
"425",0,0,3,0,0,1,-0.0673287891840071,0.181155758141602,3,425
"426",0,1,0,0,1,0,-0.0384405100559568,0,1,426
"427",1,3,4,0.125,0.375,0.5,0.0150012061877708,0.275994058415549,8,427
"428",1,1,21,0.0434782608695652,0.0434782608695652,0.91304347826087,0.552307720812196,-3.77814957899584,23,428
"429",1,0,0,1,0,0,0,0.224488176833678,1,429
"430",1,0,0,1,0,0,0,0.0749467017339156,1,430
"431",1,1,4,0.166666666666667,0.166666666666667,0.666666666666667,0.0438894853158211,0.275994058415549,6,431
"432",1,1,2,0.25,0.25,0.5,-0.00804670934553617,-0.040374828433955,4,432
"433",1,0,1,0.5,0,0.5,0.0499644678226103,0.0172859366499803,2,433
"434",1,0,4,0.2,0,0.8,0.141612075210249,0.198441694791583,5,434
"435",0,2,3,0,0.4,0.6,-0.225034283085328,0.523923055401271,5,435
"436",0,0,1,0,0,1,0.149658784555785,0.0749467017339156,1,436
"437",1,0,2,0.333333333333333,0,0.666666666666667,0.0708060376051245,0.523923055401271,3,437
"438",1,0,0,1,0,0,0,-0.118279120425991,1,438
"439",0,1,2,0,0.333333333333333,0.666666666666667,0.161182742322439,-0.115321530167871,3,439
"440",1,1,2,0.25,0.25,0.5,0.149893403467831,-0.100993183776011,4,440
"441",1,0,1,0.5,0,0.5,-0.0384405100559568,0.106209056407687,2,441
"442",0,2,3,0,0.4,0.6,0.0730123833559173,0.109166646665807,5,442
"443",3,1,5,0.333333333333333,0.111111111111111,0.555555555555556,-0.0425437657239991,1.02144770039238,9,443
"444",2,0,0,1,0,0,0,0.448976353667355,2,444
"445",0,1,1,0,0.5,0.5,0.111218274499828,-0.118279120425991,2,445
"446",0,1,0,0,1,0,-0.0788527469506606,0,1,446
"447",1,1,3,0.2,0.2,0.6,0.0419177584770742,0.106209056407687,5,447
"448",0,0,1,0,0,1,-0.0788527469506606,0.0749467017339156,1,448
"449",0,1,2,0,0.333333333333333,0.666666666666667,0.260877059055613,0.166827411749742,3,449
"450",0,0,3,0,0,1,0.0614884255892638,0.330697233241364,3,450
"451",0,0,3,0,0,1,-0.196146003957278,0.0316142830418403,3,451
"452",1,2,3,0.166666666666667,0.333333333333333,0.5,-0.184622046190625,0.0345718732999606,6,452
"453",2,2,5,0.222222222222222,0.222222222222222,0.555555555555556,-0.125105347440108,0.990185345718607,9,453
"454",0,1,0,0,1,0,0.0499644678226103,0,1,454
"455",1,0,0,1,0,0,0,-0.0576607650839353,1,455
"456",1,0,0,1,0,0,0,0.0749467017339156,1,456
"457",1,1,3,0.2,0.2,0.6,0.0323655275491676,0.598869757135187,5,457
"458",0,1,1,0,0.5,0.5,0.0115239577666535,0.224488176833678,2,458
"459",2,0,4,0.333333333333333,0,0.666666666666667,-0.155733767062574,0.123143064689598,6,459
"460",0,0,4,0,0,1,-0.0868994562961968,0.0628766377156115,4,460
"461",0,0,3,0,0,1,0.0727777644438714,0.181155758141602,3,461
"462",0,1,0,0,1,0,-0.0384405100559568,0,1,462
"463",1,1,3,0.2,0.2,0.6,-0.126845487934524,-0.115321530167871,5,463
"464",0,0,5,0,0,1,0.191576543032859,-0.0117181356502349,5,464
"465",0,0,2,0,0,1,-0.117293257006617,0.149893403467831,2,465
"466",0,0,3,0,0,1,0.0727777644438714,-0.040374828433955,3,466
"467",0,2,1,0,0.666666666666667,0.333333333333333,-0.155733767062574,-0.118279120425991,3,467
"468",0,0,1,0,0,1,-0.0788527469506606,-0.118279120425991,1,468
"469",2,0,1,0.666666666666667,0,0.333333333333333,0.149658784555785,-0.294219005935917,3,469
"470",1,2,1,0.25,0.5,0.25,0.0614884255892638,0.0172859366499803,4,470
"471",0,1,1,0,0.5,0.5,0.0115239577666535,-0.0576607650839353,2,471
"472",0,0,1,0,0,1,0.149658784555785,0.224488176833678,1,472
"473",0,1,1,0,0.5,0.5,0.0708060376051245,-0.118279120425991,2,473
"474",0,1,4,0,0.2,0.8,-0.144209809295921,0.466262290317336,5,474
"475",0,0,1,0,0,1,0.0499644678226103,0.0749467017339156,1,475
"476",0,0,1,0,0,1,0.0499644678226103,-0.0576607650839353,1,476
"477",0,2,2,0,0.5,0.5,-0.274998750907939,-0.115321530167871,4,477
"478",1,0,2,0.333333333333333,0,0.666666666666667,-0.157705493901321,-0.040374828433955,3,478
"479",3,2,10,0.2,0.133333333333333,0.666666666666667,-0.346430795759988,-1.75316007847966,15,479
"480",2,0,5,0.285714285714286,0,0.714285714285714,0.0823299953717779,0.123494993057667,7,480
"481",2,0,2,0.5,0,0.5,0.0499644678226103,-0.161963467486135,4,481
"482",1,0,3,0.25,0,0.75,-0.117293257006617,-0.0576607650839353,4,482
"483",0,1,0,0,1,0,-0.0384405100559568,0,1,483
"484",0,0,1,0,0,1,-0.0788527469506606,0.224488176833678,1,484
"485",0,0,2,0,0,1,-0.117293257006617,0.0172859366499803,2,485
"486",1,0,1,0.5,0,0.5,0.0499644678226103,-0.0433324186920753,2,486
"487",1,0,4,0.2,0,0.8,-0.236558240851982,0.149893403467831,5,487
"488",0,0,1,0,0,1,-0.0788527469506606,-0.0576607650839353,1,488
"489",0,1,0,0,1,0,-0.0788527469506606,0,1,489
"490",1,0,1,0.5,0,0.5,-0.0384405100559568,0.0172859366499803,2,490
"491",1,0,5,0.166666666666667,0,0.833333333333333,0.231988779927563,0.633089702067078,6,491
"492",0,3,17,0,0.15,0.85,0.8696934680213,-1.98450244669997,20,492
"493",0,0,2,0,0,1,0.29931756911157,0.149893403467831,2,493
"494",0,1,1,0,0.5,0.5,-0.117293257006617,-0.118279120425991,2,494
"495",0,0,1,0,0,1,-0.0788527469506606,-0.0576607650839353,1,495
"496",1,1,0,0.5,0.5,0,-0.0384405100559568,-0.0576607650839353,2,496
"497",0,0,2,0,0,1,-0.0288882791280503,0.149893403467831,2,497
"498",0,0,3,0,0,1,-0.0288882791280503,-0.236558240851982,3,498
"499",0,0,1,0,0,1,-0.0788527469506606,0.224488176833678,1,499
"500",0,0,2,0,0,1,0.199623252378395,0.0172859366499803,2,500
"501",1,0,0,1,0,0,0,0.224488176833678,1,501
"502",1,2,2,0.2,0.4,0.4,-0.194174277118531,-0.233600650593861,5,502
"503",0,0,1,0,0,1,-0.0788527469506606,0.0749467017339156,1,503
"504",0,2,5,0,0.285714285714286,0.714285714285714,0.0150012061877708,0.137823339449527,7,504
"505",0,0,3,0,0,1,-0.00804670934553617,-0.294219005935917,3,505
"506",1,0,2,0.333333333333333,0,0.666666666666667,0.199623252378395,0.181155758141602,3,506
"507",1,1,1,0.333333333333333,0.333333333333333,0.333333333333333,-0.0768810201119137,0.106209056407687,3,507
"508",1,1,8,0.1,0.1,0.8,-0.183116524608254,0.797311451926769,10,508
"509",1,0,2,0.333333333333333,0,0.666666666666667,0.0708060376051245,-0.161611539118066,3,509
"510",0,0,1,0,0,1,-0.0384405100559568,-0.0576607650839353,1,510
"511",1,0,2,0.333333333333333,0,0.666666666666667,0.111218274499828,-0.0433324186920753,3,511
"512",2,0,2,0.5,0,0.5,0.29931756911157,0.0345718732999606,4,512
"513",1,0,4,0.2,0,0.8,-0.0577765582561006,0.690750467151013,5,513
"514",0,0,1,0,0,1,0.149658784555785,0.224488176833678,1,514
"515",0,0,2,0,0,1,0.0115239577666535,0.149893403467831,2,515
"516",0,1,1,0,0.5,0.5,0.0115239577666535,-0.118279120425991,2,516
"517",2,0,0,1,0,0,0,0.0172859366499803,2,517
"518",0,3,0,0,1,0,0.120770505427735,0,3,518
"519",0,0,4,0,0,1,-0.234586514013235,0.184113348399723,4,519
"520",1,1,3,0.2,0.2,0.6,-0.186593773029372,0.333654823499485,5,520
"521",1,0,3,0.25,0,0.75,0.249587720201006,0.40564393497528,4,521
"522",0,0,1,0,0,1,0.149658784555785,-0.0576607650839353,1,522
"523",0,0,1,0,0,1,-0.0384405100559568,0.0749467017339156,1,523
"524",0,0,6,0,0,1,-0.0193360482001438,-0.0870167657522197,6,524
"525",0,1,1,0,0.5,0.5,0.199623252378395,0.0749467017339156,2,525
"526",0,1,0,0,1,0,0.0499644678226103,0,1,526
"527",0,0,4,0,0,1,0.0303938007104207,-0.207202240183697,4,527
"528",0,3,2,0,0.6,0.4,-0.184622046190625,0.166827411749742,5,528
"529",1,1,2,0.25,0.25,0.5,-0.00804670934553617,0.523923055401271,4,529
"530",0,1,5,0,0.166666666666667,0.833333333333333,0.410770462523444,0.4086015252334,6,530
"531",0,0,1,0,0,1,-0.0788527469506606,0.0749467017339156,1,531
"532",1,0,1,0.5,0,0.5,0.0499644678226103,0.149893403467831,2,532
"533",0,1,1,0,0.5,0.5,0.111218274499828,0.224488176833678,2,533
"534",2,3,7,0.166666666666667,0.25,0.583333333333333,0.176183948510209,0.725322340450974,12,534
"535",0,1,3,0,0.25,0.75,0.357328746279717,0.149541475099762,4,535
"536",0,3,5,0,0.375,0.625,-0.0981887951508044,-0.192873893791837,8,536
"537",2,2,2,0.333333333333333,0.333333333333333,0.333333333333333,-0.00607498250678921,0.598869757135187,6,537
"538",1,1,3,0.2,0.2,0.6,0.260877059055613,0.673464530501033,5,538
"539",1,0,1,0.5,0,0.5,-0.0788527469506606,0.166827411749742,2,539
"540",0,1,0,0,1,0,0.0499644678226103,0,1,540
"541",1,2,1,0.25,0.5,0.25,0.02107618869456,0.106209056407687,4,541
"542",0,0,4,0,0,1,-0.0653570623452602,0.123494993057667,4,542
"543",0,0,4,0,0,1,0.0419177584770742,0.256102459875518,4,543
"544",0,0,1,0,0,1,-0.0384405100559568,0.224488176833678,1,544
"545",0,1,4,0,0.2,0.8,-0.136629305206761,0.40564393497528,5,545
"546",0,1,1,0,0.5,0.5,-0.157705493901321,-0.0576607650839353,2,546
"547",0,0,1,0,0,1,-0.0384405100559568,0.224488176833678,1,547
"548",0,0,2,0,0,1,-0.157705493901321,-0.175939885509926,2,548
"549",0,0,1,0,0,1,0.0499644678226103,0.224488176833678,1,549
"550",1,1,0,0.5,0.5,0,-0.0384405100559568,0.0749467017339156,2,550
"551",0,0,5,0,0,1,0.1839960389437,0.391667516951489,5,551
"552",0,0,2,0,0,1,-0.157705493901321,0.299434878567593,2,552
"553",0,0,1,0,0,1,-0.0788527469506606,-0.0576607650839353,1,553
"554",0,1,1,0,0.5,0.5,0.111218274499828,-0.118279120425991,2,554
"555",2,0,1,0.666666666666667,0,0.333333333333333,-0.0788527469506606,0.166827411749742,3,555
"556",1,0,0,1,0,0,0,0.224488176833678,1,556
"557",1,2,8,0.0909090909090909,0.181818181818182,0.727272727272727,-0.500033033993267,0.189329221031399,11,557
"558",2,0,2,0.5,0,0.5,0.0115239577666535,0.123494993057667,4,558
"559",1,0,2,0.333333333333333,0,0.666666666666667,0.0999289356452207,0.374381580301509,3,559
"560",1,0,2,0.333333333333333,0,0.666666666666667,-0.117293257006617,-0.100993183776011,3,560
"561",0,1,0,0,1,0,-0.0384405100559568,0,1,561
"562",0,1,2,0,0.333333333333333,0.666666666666667,0.260877059055613,-0.175939885509926,3,562
"563",0,0,2,0,0,1,0.0115239577666535,-0.115321530167871,2,563
"564",2,2,2,0.333333333333333,0.333333333333333,0.333333333333333,0.0419177584770742,0.184113348399723,6,564
"565",2,0,0,1,0,0,0,0.299434878567593,2,565
"566",1,0,1,0.5,0,0.5,-0.0788527469506606,0.0749467017339156,2,566
"567",0,0,1,0,0,1,-0.0384405100559568,0.224488176833678,1,567
"568",1,0,2,0.333333333333333,0,0.666666666666667,0.0115239577666535,0.181155758141602,3,568
"569",0,0,2,0,0,1,0.111218274499828,0.299434878567593,2,569
"570",0,0,1,0,0,1,0.0499644678226103,0.0749467017339156,1,570
"571",0,0,1,0,0,1,-0.0788527469506606,-0.0576607650839353,1,571
"572",2,2,6,0.2,0.2,0.6,-0.0734037716907963,-0.0664213104760499,10,572
"573",0,1,1,0,0.5,0.5,0.0999289356452207,0.224488176833678,2,573
"574",1,0,0,1,0,0,0,-0.118279120425991,1,574
"575",2,1,1,0.5,0.25,0.25,-0.117293257006617,-0.354837361277973,4,575
"576",3,2,6,0.272727272727273,0.181818181818182,0.545454545454545,0.571878387924385,-0.767340036491454,11,576
"577",1,1,3,0.2,0.2,0.6,0.0419177584770742,0.333654823499485,5,577
"578",0,2,0,0,1,0,-0.0288882791280503,0,2,578
"579",0,1,0,0,1,0,-0.0788527469506606,0,1,579
"580",1,1,5,0.142857142857143,0.142857142857143,0.714285714285714,-0.303887030035989,-0.141368012209966,7,580
"581",1,0,5,0.166666666666667,0,0.833333333333333,0.426163057046094,-0.95039759978697,6,581
"582",0,0,1,0,0,1,-0.0788527469506606,0.224488176833678,1,582
"583",2,1,7,0.2,0.1,0.7,-0.173098088423971,-0.561687673093601,10,583
"584",3,1,4,0.375,0.125,0.5,-0.184622046190625,-0.17072401287825,8,584
"585",2,6,25,0.0606060606060606,0.181818181818182,0.757575757575758,1.13413276056708,0.00477095344292544,33,585
"586",1,0,0,1,0,0,0,0.224488176833678,1,586
"587",0,0,5,0,0,1,-0.136629305206761,0.198441694791583,5,587
"588",1,0,5,0.166666666666667,0,0.833333333333333,-0.0849277294574498,0.229704049465354,6,588
"589",1,0,1,0.5,0,0.5,0.0499644678226103,0.106209056407687,2,589
"590",0,0,5,0,0,1,-0.103797572401217,0.347983169891345,5,590
"591",1,0,2,0.333333333333333,0,0.666666666666667,0.199623252378395,-0.161611539118066,3,591
"592",1,1,6,0.125,0.125,0.75,-0.125105347440108,0.348335098259414,8,592
"593",1,0,0,1,0,0,0,-0.0576607650839353,1,593
"594",0,0,1,0,0,1,-0.0788527469506606,0.0749467017339156,1,594
"595",2,0,5,0.285714285714286,0,0.714285714285714,0.00347724842111732,0.7969595235587,7,595
"596",0,0,3,0,0,1,-0.155733767062574,0.181155758141602,3,596
"597",1,1,0,0.5,0.5,0,-0.0788527469506606,-0.0576607650839353,2,597
"598",0,0,1,0,0,1,-0.0788527469506606,0.0749467017339156,1,598
"599",1,2,0,0.333333333333333,0.666666666666667,0,0.0708060376051245,-0.0576607650839353,3,599
"600",1,0,1,0.5,0,0.5,0.0499644678226103,0.0172859366499803,2,600
"601",0,0,2,0,0,1,0.0708060376051245,0.166827411749742,2,601
"602",0,0,4,0,0,1,-0.234586514013235,0.273036468157429,4,602
"603",0,0,2,0,0,1,0.111218274499828,-0.0433324186920753,2,603
"604",0,0,8,0,0,1,0.34928203693418,-0.353786125025339,8,604
"605",0,1,2,0,0.333333333333333,0.666666666666667,0.120770505427735,0.299434878567593,3,605
"606",0,0,1,0,0,1,0.0499644678226103,-0.118279120425991,1,606
"607",1,0,3,0.25,0,0.75,0.02107618869456,-0.473116481703963,4,607
"608",2,3,7,0.166666666666667,0.25,0.583333333333333,-0.0410382441416287,0.66730964699897,12,608
"609",2,1,8,0.181818181818182,0.0909090909090909,0.727272727272727,0.750660070520267,-1.86042037113998,11,609
"610",0,0,1,0,0,1,0.0499644678226103,0.224488176833678,1,610
"611",0,0,1,0,0,1,-0.0384405100559568,0.224488176833678,1,611
"612",0,1,0,0,1,0,-0.0384405100559568,0,1,612
"613",0,0,2,0,0,1,0.29931756911157,0.448976353667355,2,613
"614",0,0,2,0,0,1,0.0115239577666535,-0.115321530167871,2,614
"615",0,0,5,0,0,1,-0.273027024069192,-0.216314713943881,5,615
"616",0,0,2,0,0,1,-0.157705493901321,-0.236558240851982,2,616
"617",0,1,1,0,0.5,0.5,0.0115239577666535,0.224488176833678,2,617
"618",3,1,6,0.3,0.1,0.6,0.0519361946613573,0.886234571684476,10,618
"619",1,0,0,1,0,0,0,0.224488176833678,1,619
"620",2,1,2,0.4,0.2,0.4,0.0323655275491676,0.449328282035424,5,620
"621",0,0,1,0,0,1,-0.0384405100559568,-0.0576607650839353,1,621
"622",0,2,3,0,0.4,0.6,0.0843017222105249,0.0485482913237515,5,622
"623",3,0,6,0.333333333333333,0,0.666666666666667,0.359300473118464,-0.246022642980235,9,623
"624",1,0,0,1,0,0,0,-0.0576607650839353,1,624
"625",3,1,2,0.5,0.166666666666667,0.333333333333333,-0.107741026078711,0.4086015252334,6,625
"626",0,0,3,0,0,1,-0.107741026078711,0.374381580301509,3,626
"627",0,0,2,0,0,1,-0.0768810201119137,0.166827411749742,2,627
"628",1,2,1,0.25,0.5,0.25,-0.155733767062574,0.448976353667355,4,628
"629",0,0,3,0,0,1,-0.107741026078711,0.181155758141602,3,629
"630",0,1,1,0,0.5,0.5,-0.117293257006617,0.0749467017339156,2,630
"631",0,1,3,0,0.25,0.75,-0.105769299239964,0.673464530501033,4,631
"632",0,0,1,0,0,1,-0.0384405100559568,-0.0576607650839353,1,632
"633",0,0,1,0,0,1,-0.0788527469506606,-0.118279120425991,1,633
"634",1,0,3,0.25,0,0.75,0.120770505427735,-0.158653948859946,4,634
"635",1,0,3,0.25,0,0.75,-0.155733767062574,-0.0697308291022394,4,635
"636",0,0,1,0,0,1,-0.0384405100559568,0.224488176833678,1,636
"637",1,0,2,0.333333333333333,0,0.666666666666667,0.0708060376051245,-0.100993183776011,3,637
"638",0,0,2,0,0,1,-0.117293257006617,0.0172859366499803,2,638
"639",0,1,2,0,0.333333333333333,0.666666666666667,-0.0673287891840071,-0.0433324186920753,3,639
"640",1,0,1,0.5,0,0.5,0.149658784555785,0.448976353667355,2,640
"641",0,1,0,0,1,0,-0.0788527469506606,0,1,641
"642",0,0,3,0,0,1,-0.0673287891840071,0.523923055401271,3,642
"643",0,1,0,0,1,0,0.0499644678226103,0,1,643
"644",0,0,3,0,0,1,-0.107741026078711,0.0922326383838959,3,644
"645",0,0,1,0,0,1,-0.0788527469506606,-0.0576607650839353,1,645
"646",0,1,2,0,0.333333333333333,0.666666666666667,-0.236558240851982,-0.115321530167871,3,646
"647",2,0,9,0.181818181818182,0,0.818181818181818,0.00371186733316323,-0.303331479696101,11,647
"648",0,0,1,0,0,1,0.149658784555785,-0.0576607650839353,1,648
"649",0,0,2,0,0,1,0.199623252378395,-0.175939885509926,2,649
"650",0,2,3,0,0.4,0.6,0.132294463194388,0.241774113483658,5,650
"651",0,0,1,0,0,1,-0.0384405100559568,-0.0576607650839353,1,651
"652",0,0,1,0,0,1,-0.0384405100559568,0.0749467017339156,1,652
"653",1,1,2,0.25,0.25,0.5,0.0323655275491676,-0.233600650593861,4,653
"654",0,0,7,0,0,1,0.0554134430824746,0.198793623159652,7,654
"655",0,0,3,0,0,1,0.249587720201006,0.109166646665807,3,655
"656",0,1,1,0,0.5,0.5,-0.117293257006617,-0.0576607650839353,2,656
"657",0,1,0,0,1,0,-0.0384405100559568,0,1,657
"658",0,1,1,0,0.5,0.5,0.199623252378395,0.0749467017339156,2,658
"659",1,1,1,0.333333333333333,0.333333333333333,0.333333333333333,0.199623252378395,0.149893403467831,3,659
"660",0,1,1,0,0.5,0.5,0.0115239577666535,-0.0576607650839353,2,660
"661",0,0,1,0,0,1,-0.0788527469506606,0.0749467017339156,1,661
"662",1,0,0,1,0,0,0,0.0749467017339156,1,662
"663",0,1,1,0,0.5,0.5,0.111218274499828,-0.118279120425991,2,663
"664",0,0,2,0,0,1,0.0708060376051245,-0.175939885509926,2,664
"665",0,0,1,0,0,1,-0.0384405100559568,-0.0576607650839353,1,665
"666",0,1,0,0,1,0,-0.0384405100559568,0,1,666
"667",1,0,1,0.5,0,0.5,-0.0788527469506606,0.106209056407687,2,667
"668",3,1,4,0.375,0.125,0.5,-0.0369349884735865,-0.409540536103788,8,668
"669",1,0,0,1,0,0,0,-0.0576607650839353,1,669
"670",0,0,1,0,0,1,0.149658784555785,-0.0576607650839353,1,670
"671",0,0,3,0,0,1,0.0614884255892638,0.109166646665807,3,671
"672",1,0,3,0.25,0,0.75,-0.00804670934553617,0.598869757135187,4,672
"673",1,0,2,0.333333333333333,0,0.666666666666667,0.29931756911157,0.0922326383838959,3,673
"674",5,2,16,0.217391304347826,0.0869565217391304,0.695652173913043,1.12833209243438,-0.147728111914957,23,674
"675",0,0,2,0,0,1,0.0115239577666535,0.166827411749742,2,675
"676",0,0,3,0,0,1,-0.155733767062574,-0.161611539118066,3,676
"677",0,0,3,0,0,1,-0.0673287891840071,-0.161611539118066,3,677
"678",0,0,1,0,0,1,-0.0788527469506606,0.0749467017339156,1,678
"679",1,0,1,0.5,0,0.5,0.149658784555785,0.166827411749742,2,679
"680",3,0,7,0.3,0,0.7,-0.175069815262718,-0.0351589558022787,10,680
"681",0,0,1,0,0,1,-0.0384405100559568,0.224488176833678,1,681
"682",2,0,0,1,0,0,0,0.166827411749742,2,682
"683",1,0,1,0.5,0,0.5,-0.0788527469506606,0.0172859366499803,2,683
"684",2,2,2,0.333333333333333,0.333333333333333,0.333333333333333,-0.0173643213613968,0.449328282035424,6,684
"685",0,0,1,0,0,1,0.149658784555785,0.0749467017339156,1,685
"686",0,0,1,0,0,1,-0.0788527469506606,0.0749467017339156,1,686
"687",0,0,5,0,0,1,-0.0558048314173536,0.287364814549289,5,687
"688",0,2,3,0,0.4,0.6,-0.044515492562746,0.0485482913237515,5,688
"689",1,1,6,0.125,0.125,0.75,-0.161808749569364,0.425887461883381,8,689
"690",0,1,2,0,0.333333333333333,0.666666666666667,0.120770505427735,-0.0433324186920753,3,690
"691",1,0,0,1,0,0,0,0.224488176833678,1,691
"692",1,1,2,0.25,0.25,0.5,-0.155733767062574,0.0485482913237515,4,692
"693",0,0,1,0,0,1,-0.0384405100559568,-0.0576607650839353,1,693
"694",0,0,1,0,0,1,-0.0384405100559568,-0.118279120425991,1,694
"695",1,1,3,0.2,0.2,0.6,0.023047915533307,0.256102459875518,5,695
"696",3,4,11,0.166666666666667,0.222222222222222,0.611111111111111,0.0949650538182076,-0.889427316076845,18,696
"697",0,0,1,0,0,1,0.0499644678226103,0.0749467017339156,1,697
"698",1,0,3,0.25,0,0.75,0.111218274499828,0.166827411749742,4,698
"699",0,0,5,0,0,1,0.132294463194388,0.215375703073494,5,699
"700",1,1,4,0.166666666666667,0.166666666666667,0.666666666666667,0.0627593282595883,0.391667516951489,6,700
"701",1,3,3,0.142857142857143,0.428571428571429,0.428571428571429,-0.223062556246581,0.123494993057667,7,701
"702",0,1,2,0,0.333333333333333,0.666666666666667,-0.0673287891840071,0.299434878567593,3,702
"703",2,0,2,0.5,0,0.5,0.29931756911157,0.748411232234949,4,703
"704",1,1,0,0.5,0.5,0,-0.0788527469506606,-0.118279120425991,2,704
"705",0,1,0,0,1,0,-0.0384405100559568,0,1,705
"706",0,0,1,0,0,1,0.0499644678226103,0.0749467017339156,1,706
"707",0,1,0,0,1,0,0.149658784555785,0,1,707
"708",0,0,4,0,0,1,0.370123606716695,0.106560984775756,4,708
"709",0,0,1,0,0,1,0.149658784555785,0.0749467017339156,1,709
"710",1,1,0,0.5,0.5,0,-0.0788527469506606,-0.118279120425991,2,710
"711",0,0,1,0,0,1,-0.0788527469506606,-0.118279120425991,1,711
"712",0,1,1,0,0.5,0.5,0.0115239577666535,0.224488176833678,2,712
"713",0,1,0,0,1,0,0.149658784555785,0,1,713
"714",0,0,1,0,0,1,-0.0384405100559568,0.0749467017339156,1,714
"715",1,1,1,0.333333333333333,0.333333333333333,0.333333333333333,-0.0288882791280503,0.0749467017339156,3,715
"716",1,0,2,0.333333333333333,0,0.666666666666667,-0.157705493901321,-0.040374828433955,3,716
"717",0,1,1,0,0.5,0.5,-0.157705493901321,0.0749467017339156,2,717
"718",0,0,1,0,0,1,-0.0384405100559568,-0.0576607650839353,1,718
"719",0,2,4,0,0.333333333333333,0.666666666666667,-0.0868994562961968,-0.0697308291022394,6,719
"720",0,0,1,0,0,1,-0.0788527469506606,-0.0576607650839353,1,720
"721",2,5,7,0.142857142857143,0.357142857142857,0.5,0.0701800303581995,-0.395212189711928,14,721
"722",1,1,0,0.5,0.5,0,0.0499644678226103,0.224488176833678,2,722
"723",0,0,3,0,0,1,0.02107618869456,0.39131558858342,3,723
"724",2,5,8,0.133333333333333,0.333333333333333,0.533333333333333,-1.77742696006053,-2.03931784690803,15,724
"725",0,0,2,0,0,1,0.0115239577666535,0.149893403467831,2,725
"726",1,0,0,1,0,0,0,0.224488176833678,1,726
"727",0,1,0,0,1,0,-0.0384405100559568,0,1,727
"728",0,0,2,0,0,1,-0.157705493901321,-0.175939885509926,2,728
"729",1,0,3,0.25,0,0.75,-0.0673287891840071,0.123494993057667,4,729
"730",0,1,5,0,0.166666666666667,0.833333333333333,0.120770505427735,0.449328282035425,6,730
"731",1,0,0,1,0,0,0,0.224488176833678,1,731
"732",1,0,1,0.5,0,0.5,-0.0384405100559568,-0.115321530167871,2,732
"733",2,0,2,0.5,0,0.5,-0.0288882791280503,-0.219272304202001,4,733
"734",0,1,1,0,0.5,0.5,-0.117293257006617,-0.0576607650839353,2,734
"735",0,0,1,0,0,1,-0.0384405100559568,-0.118279120425991,1,735
"736",0,1,3,0,0.25,0.75,-0.0173643213613968,-0.294219005935917,4,736
"737",0,1,0,0,1,0,-0.0788527469506606,0,1,737
"738",0,0,1,0,0,1,0.149658784555785,-0.118279120425991,1,738
"739",1,0,3,0.25,0,0.75,0.0727777644438714,-0.130349184444295,4,739
"740",2,3,3,0.25,0.375,0.375,-0.351879771019852,-0.279890659544057,8,740
"741",0,1,0,0,1,0,-0.0788527469506606,0,1,741
"742",1,1,1,0.333333333333333,0.333333333333333,0.333333333333333,0.0115239577666535,0.106209056407687,3,742
"743",1,0,2,0.333333333333333,0,0.666666666666667,-0.0288882791280503,-0.0433324186920753,3,743
"744",0,0,3,0,0,1,-0.0673287891840071,-0.161611539118066,3,744
"745",0,0,1,0,0,1,-0.0788527469506606,-0.0576607650839353,1,745
"746",1,0,1,0.5,0,0.5,-0.0788527469506606,0.106209056407687,2,746
"747",0,0,4,0,0,1,-0.153762040223827,0.316720815217574,4,747
"748",0,0,2,0,0,1,0.29931756911157,0.166827411749742,2,748
"749",0,0,8,0,0,1,-0.0673287891840071,-0.440802890777559,8,749
"750",1,3,9,0.0769230769230769,0.230769230769231,0.692307692307692,-0.671237245067704,-1.56394308283051,13,750
"751",1,0,1,0.5,0,0.5,0.149658784555785,0.149893403467831,2,751
"752",0,0,4,0,0,1,0.0823299953717779,0.0345718732999606,4,752
"753",1,0,0,1,0,0,0,0.224488176833678,1,753
"754",0,1,1,0,0.5,0.5,0.111218274499828,0.224488176833678,2,754
"755",0,0,3,0,0,1,-0.155733767062574,0.181155758141602,3,755
"756",1,0,8,0.111111111111111,0,0.888888888888889,-0.092974438802986,-0.841230953121163,9,756
"757",1,0,2,0.333333333333333,0,0.666666666666667,-0.0288882791280503,0.241774113483658,3,757
"758",1,0,5,0.166666666666667,0,0.833333333333333,-0.184622046190625,0.572471346725022,6,758
"759",1,0,1,0.5,0,0.5,0.149658784555785,-0.175939885509926,2,759
"760",2,1,2,0.4,0.2,0.4,-0.155733767062574,-0.0433324186920753,5,760
"761",1,0,1,0.5,0,0.5,-0.0788527469506606,0.299434878567593,2,761
"762",0,0,1,0,0,1,-0.0384405100559568,0.224488176833678,1,762
"763",0,0,1,0,0,1,0.0499644678226103,-0.0576607650839353,1,763
"764",1,0,1,0.5,0,0.5,-0.0384405100559568,0.106209056407687,2,764
"765",1,0,0,1,0,0,0,0.224488176833678,1,765
"766",0,0,3,0,0,1,-0.155733767062574,-0.100993183776011,3,766
"767",0,1,0,0,1,0,-0.0788527469506606,0,1,767
"768",0,0,1,0,0,1,0.0499644678226103,0.0749467017339156,1,768
"769",0,1,2,0,0.333333333333333,0.666666666666667,0.0727777644438714,0.0172859366499803,3,769
"770",0,0,2,0,0,1,-0.0288882791280503,0.166827411749742,2,770
"771",1,0,3,0.25,0,0.75,0.0323655275491676,0.555185410075042,4,771
"772",1,0,0,1,0,0,0,0.0749467017339156,1,772
"773",0,0,1,0,0,1,-0.0384405100559568,0.224488176833678,1,773
"774",1,0,0,1,0,0,0,-0.118279120425991,1,774
"775",1,0,7,0.125,0,0.875,-0.173098088423971,0.457149816557152,8,775
"776",5,6,11,0.227272727272727,0.272727272727273,0.5,0.733220932237372,-2.99162180070049,22,776
"777",0,1,0,0,1,0,-0.0384405100559568,0,1,777
"778",0,0,2,0,0,1,0.0115239577666535,-0.236558240851982,2,778
"779",0,1,2,0,0.333333333333333,0.666666666666667,0.161182742322439,0.149893403467831,3,779
"780",0,1,7,0,0.125,0.875,-0.340355813253199,0.287716742917358,8,780
"781",1,0,6,0.142857142857143,0,0.857142857142857,0.199623252378395,-0.515749592511475,7,781
"782",0,1,2,0,0.333333333333333,0.666666666666667,0.0708060376051245,-0.115321530167871,3,782
"783",0,1,3,0,0.25,0.75,-0.146181536134668,0.181155758141602,4,783
"784",1,0,3,0.25,0,0.75,-0.0269165522893033,0.316720815217574,4,784
"785",0,3,1,0,0.75,0.25,0.0823299953717779,0.0749467017339156,4,785
"786",1,0,1,0.5,0,0.5,-0.0788527469506606,0.0749467017339156,2,786
"787",0,0,1,0,0,1,-0.0384405100559568,0.224488176833678,1,787
"788",0,0,2,0,0,1,0.0115239577666535,0.106209056407687,2,788
"789",1,1,2,0.25,0.25,0.5,-0.155733767062574,0.0922326383838959,4,789
"790",0,0,2,0,0,1,0.199623252378395,0.0172859366499803,2,790
"791",0,0,1,0,0,1,-0.0384405100559568,-0.0576607650839353,1,791
"792",0,1,0,0,1,0,0.0499644678226103,0,1,792
"793",1,1,0,0.5,0.5,0,0.149658784555785,-0.118279120425991,2,793
"794",1,0,1,0.5,0,0.5,-0.0788527469506606,0.106209056407687,2,794
"795",0,0,1,0,0,1,0.0499644678226103,0.224488176833678,1,795
"796",2,1,0,0.666666666666667,0.333333333333333,0,-0.0384405100559568,-0.175939885509926,3,796
"797",1,2,4,0.142857142857143,0.285714285714286,0.571428571428571,0.422059801378052,0.436906289649051,7,797
"798",0,0,1,0,0,1,0.0499644678226103,0.0749467017339156,1,798
"799",0,1,4,0,0.2,0.8,0.132294463194388,-0.0697308291022394,5,799
"800",2,2,2,0.333333333333333,0.333333333333333,0.333333333333333,0.310841526878224,0.466262290317336,6,800
"801",1,1,1,0.333333333333333,0.333333333333333,0.333333333333333,-0.0288882791280503,0.299434878567593,3,801
"802",0,1,1,0,0.5,0.5,-0.157705493901321,0.224488176833678,2,802
"803",2,1,11,0.142857142857143,0.0714285714285714,0.785714285714286,0.184230657855746,-0.725557494585223,14,803
"804",0,2,3,0,0.4,0.6,0.103171565154292,-0.040374828433955,5,804
"805",0,0,3,0,0,1,0.149893403467831,-0.233600650593861,3,805
"806",2,0,7,0.222222222222222,0,0.777777777777778,-0.405086868351534,-0.668248657869357,9,806
"807",0,1,3,0,0.25,0.75,0.310841526878224,-0.100993183776011,4,807
"808",0,1,2,0,0.333333333333333,0.666666666666667,-0.155733767062574,-0.236558240851982,3,808
"809",0,0,3,0,0,1,-0.0788527469506606,0.0172859366499803,3,809
"810",1,0,0,1,0,0,0,0.0749467017339156,1,810
"811",1,1,3,0.2,0.2,0.6,0.122742232266482,-0.219272304202001,5,811
"812",0,0,2,0,0,1,0.0999289356452207,-0.175939885509926,2,812
"813",0,1,3,0,0.25,0.75,-0.105769299239964,0.241774113483658,4,813
"814",0,0,1,0,0,1,0.149658784555785,-0.118279120425991,1,814
"815",0,0,2,0,0,1,-0.0288882791280503,-0.175939885509926,2,815
"816",0,1,1,0,0.5,0.5,0.29931756911157,-0.118279120425991,2,816
"817",1,0,4,0.2,0,0.8,-0.146181536134668,0.126452583315787,5,817
"818",0,0,3,0,0,1,0.260877059055613,0.241774113483658,3,818
"819",1,0,1,0.5,0,0.5,-0.0788527469506606,0.166827411749742,2,819
"820",0,3,3,0,0.5,0.5,0.0534417162437276,0.241774113483658,6,820
"821",1,1,6,0.125,0.125,0.75,-0.0734037716907963,0.514810581641087,8,821
"822",1,0,1,0.5,0,0.5,-0.0788527469506606,-0.115321530167871,2,822
"823",0,0,3,0,0,1,-0.155733767062574,0.241774113483658,3,823
"824",0,1,1,0,0.5,0.5,0.0708060376051245,-0.118279120425991,2,824
"825",1,1,2,0.25,0.25,0.5,0.161182742322439,0.166827411749742,4,825
"826",1,2,2,0.2,0.4,0.4,-0.0768810201119137,0.181155758141602,5,826
"827",1,1,2,0.25,0.25,0.5,-0.117293257006617,-0.175939885509926,4,827
"828",3,2,7,0.25,0.166666666666667,0.583333333333333,-0.730519324906175,-2.1425693130576,12,828
"829",0,1,1,0,0.5,0.5,0.199623252378395,0.224488176833678,2,829
"830",0,1,2,0,0.333333333333333,0.666666666666667,0.0727777644438714,0.299434878567593,3,830
"831",0,0,4,0,0,1,0.418582552956935,-0.624916239177282,4,831
"832",0,0,1,0,0,1,-0.0788527469506606,0.0749467017339156,1,832
"833",0,1,1,0,0.5,0.5,-0.157705493901321,0.224488176833678,2,833
"834",0,2,3,0,0.4,0.6,0.132294463194388,0.181155758141602,5,834
"835",0,1,3,0,0.25,0.75,-0.146181536134668,-0.294219005935917,4,835
"836",1,0,1,0.5,0,0.5,-0.0788527469506606,0.106209056407687,2,836
"837",0,0,2,0,0,1,-0.117293257006617,0.149893403467831,2,837
"838",0,0,1,0,0,1,0.149658784555785,0.0749467017339156,1,838
"839",0,0,1,0,0,1,-0.0788527469506606,-0.0576607650839353,1,839
"840",0,0,1,0,0,1,0.0499644678226103,0.0749467017339156,1,840
"841",0,0,1,0,0,1,-0.0788527469506606,0.224488176833678,1,841
"842",1,1,3,0.2,0.2,0.6,-0.178547063683835,-0.192873893791837,5,842
"843",0,0,7,0,0,1,0.161417361234484,0.379245524565116,7,843
"844",1,0,1,0.5,0,0.5,-0.0384405100559568,-0.115321530167871,2,844
"845",0,0,4,0,0,1,0.399246504756791,0.184113348399723,4,845
"846",1,0,0,1,0,0,0,-0.0576607650839353,1,846
"847",2,0,2,0.5,0,0.5,0.0115239577666535,-0.0260464820420949,4,847
"848",0,0,2,0,0,1,-0.117293257006617,0.0172859366499803,2,848
"849",2,0,0,1,0,0,0,0.149893403467831,2,849
"850",0,0,1,0,0,1,-0.0384405100559568,-0.0576607650839353,1,850
"851",0,0,1,0,0,1,0.0499644678226103,0.0749467017339156,1,851
"852",0,0,2,0,0,1,0.0115239577666535,0.448976353667355,2,852
"853",0,1,1,0,0.5,0.5,-0.117293257006617,-0.118279120425991,2,853
"854",0,0,1,0,0,1,-0.0384405100559568,-0.0576607650839353,1,854
"855",2,1,14,0.117647058823529,0.0588235294117647,0.823529411764706,-0.134325151345873,-3.42626980797598,17,855
"856",0,1,0,0,1,0,-0.0384405100559568,0,1,856
"857",1,0,3,0.25,0,0.75,0.0727777644438714,0.40564393497528,4,857
"858",0,2,4,0,0.333333333333333,0.666666666666667,-0.263474793141285,0.184113348399723,6,858
"859",2,1,2,0.4,0.2,0.4,0.22046482216091,0.466262290317336,5,859
"860",1,0,1,0.5,0,0.5,-0.0384405100559568,0.0172859366499803,2,860
"861",1,0,2,0.333333333333333,0,0.666666666666667,-0.117293257006617,-0.233600650593861,3,861
"862",3,0,4,0.428571428571429,0,0.571428571428571,-0.234586514013235,-0.18505235927011,7,862
"863",1,2,1,0.25,0.5,0.25,-0.107741026078711,0.166827411749742,4,863
"864",0,1,0,0,1,0,-0.0384405100559568,0,1,864
"865",1,1,0,0.5,0.5,0,-0.0384405100559568,0.0749467017339156,2,865
"866",1,2,4,0.142857142857143,0.285714285714286,0.571428571428571,0.180753409434628,0.241774113483658,7,866
"867",0,0,2,0,0,1,-0.117293257006617,0.0172859366499803,2,867
"868",1,0,0,1,0,0,0,0.224488176833678,1,868
"869",2,1,4,0.285714285714286,0.142857142857143,0.571428571428571,-0.0153925945226498,0.201399285049703,7,869
"870",0,1,1,0,0.5,0.5,0.199623252378395,-0.0576607650839353,2,870
"871",2,0,3,0.4,0,0.6,0.249587720201006,0.0489002196918207,5,871
"872",1,1,2,0.25,0.25,0.5,-0.236558240851982,-0.040374828433955,4,872
"873",1,0,1,0.5,0,0.5,0.0499644678226103,0.166827411749742,2,873
"874",0,1,0,0,1,0,-0.0788527469506606,0,1,874
"875",0,0,1,0,0,1,-0.0384405100559568,-0.118279120425991,1,875
"876",1,1,3,0.2,0.2,0.6,0.0710406565171704,0.0628766377156115,5,876
"877",3,5,17,0.12,0.2,0.68,1.21669434228319,-3.34115939622925,25,877
"878",0,0,1,0,0,1,-0.0788527469506606,-0.0576607650839353,1,878
"879",0,1,0,0,1,0,0.149658784555785,0,1,879
"880",0,0,1,0,0,1,0.149658784555785,-0.0576607650839353,1,880
"881",2,0,2,0.5,0,0.5,0.111218274499828,-0.00911247376018376,4,881
"882",0,2,0,0,1,0,0.111218274499828,0,2,882
"883",0,1,3,0,0.25,0.75,-0.146181536134668,-0.161611539118066,4,883
"884",0,0,1,0,0,1,0.149658784555785,0.224488176833678,1,884
"885",0,0,1,0,0,1,-0.0384405100559568,-0.118279120425991,1,885
"886",0,1,0,0,1,0,0.149658784555785,0,1,886
"887",0,0,1,0,0,1,-0.0788527469506606,0.0749467017339156,1,887
"888",2,0,2,0.5,0,0.5,-0.117293257006617,0.106560984775756,4,888
"889",2,0,4,0.333333333333333,0,0.666666666666667,-0.155733767062574,-0.0840591754940994,6,889
"890",0,2,1,0,0.666666666666667,0.333333333333333,-0.236558240851982,0.224488176833678,3,890
"891",1,3,4,0.125,0.375,0.5,-0.1138160085855,0.823357933968864,8,891
"892",0,0,5,0,0,1,-0.0962170683120574,0.558143000333162,5,892
"893",2,1,3,0.333333333333333,0.166666666666667,0.5,-0.194174277118531,0.523923055401271,6,893
"894",0,0,1,0,0,1,-0.0384405100559568,-0.0576607650839353,1,894
"895",2,2,7,0.181818181818182,0.181818181818182,0.636363636363636,0.0150012061877708,0.766049097252998,11,895
"896",0,1,5,0,0.166666666666667,0.833333333333333,-0.115787735424247,-0.18800994952823,6,896
"897",1,0,1,0.5,0,0.5,-0.0788527469506606,0.0172859366499803,2,897
"898",0,1,1,0,0.5,0.5,0.0708060376051245,0.224488176833678,2,898
"899",1,3,1,0.2,0.6,0.2,0.023047915533307,-0.115321530167871,5,899
"900",0,0,1,0,0,1,0.0499644678226103,-0.0576607650839353,1,900
"901",2,0,2,0.5,0,0.5,-0.0768810201119137,0.40564393497528,4,901
"902",1,0,1,0.5,0,0.5,-0.0788527469506606,-0.175939885509926,2,902
"903",0,0,5,0,0,1,0.360805994700834,0.690750467151013,5,903
"904",0,0,1,0,0,1,0.0499644678226103,0.224488176833678,1,904
"905",0,0,1,0,0,1,0.0499644678226103,0.0749467017339156,1,905
"906",0,0,3,0,0,1,-0.155733767062574,0.0485482913237515,3,906
"907",0,0,1,0,0,1,0.0499644678226103,-0.118279120425991,1,907
"908",1,1,0,0.5,0.5,0,0.0499644678226103,0.224488176833678,2,908
"909",0,2,7,0,0.222222222222222,0.777777777777778,-0.165517584334812,-0.141368012209966,9,909
"910",1,1,1,0.333333333333333,0.333333333333333,0.333333333333333,-0.117293257006617,-0.115321530167871,3,910
"911",0,0,1,0,0,1,-0.0788527469506606,-0.0576607650839353,1,911
"912",2,0,1,0.666666666666667,0,0.333333333333333,0.0499644678226103,0.39131558858342,3,912
"913",0,2,1,0,0.666666666666667,0.333333333333333,-0.00804670934553617,0.0749467017339156,3,913
"914",1,0,0,1,0,0,0,-0.118279120425991,1,914
"915",0,1,1,0,0.5,0.5,0.29931756911157,0.0749467017339156,2,915
"916",1,1,6,0.125,0.125,0.75,-0.161808749569364,0.244032395857214,8,916
"917",0,0,1,0,0,1,-0.0788527469506606,0.224488176833678,1,917
"918",0,0,2,0,0,1,-0.117293257006617,0.299434878567593,2,918
"919",1,0,1,0.5,0,0.5,-0.0788527469506606,0.299434878567593,2,919
"920",1,0,4,0.2,0,0.8,0.27042928998352,0.256102459875518,5,920
"921",1,0,2,0.333333333333333,0,0.666666666666667,0.0708060376051245,0.0485482913237515,3,921
"922",1,0,1,0.5,0,0.5,-0.0788527469506606,-0.0433324186920753,2,922
"923",1,1,0,0.5,0.5,0,-0.0384405100559568,0.224488176833678,2,923
"924",0,0,2,0,0,1,-0.157705493901321,-0.115321530167871,2,924
"925",0,0,1,0,0,1,0.0499644678226103,-0.118279120425991,1,925
"926",3,0,6,0.333333333333333,0,0.666666666666667,-0.0349632616348395,0.886234571684476,9,926
"927",0,1,1,0,0.5,0.5,0.0115239577666535,-0.0576607650839353,2,927
"928",1,1,0,0.5,0.5,0,-0.0384405100559568,0.0749467017339156,2,928
"929",1,0,0,1,0,0,0,-0.118279120425991,1,929
"930",0,2,2,0,0.5,0.5,-0.00607498250678921,0.149893403467831,4,930
"931",0,1,9,0,0.1,0.9,0.639441796020438,-1.34136126000232,10,931
"932",0,0,2,0,0,1,0.199623252378395,0.0172859366499803,2,932
"933",0,0,1,0,0,1,0.149658784555785,-0.118279120425991,1,933
"934",0,1,0,0,1,0,-0.0788527469506606,0,1,934
"935",2,1,0,0.666666666666667,0.333333333333333,0,-0.0788527469506606,0.448976353667355,3,935
"936",1,0,2,0.333333333333333,0,0.666666666666667,0.0708060376051245,0.181155758141602,3,936
"937",2,0,2,0.5,0,0.5,0.0708060376051245,0.523923055401271,4,937
"938",0,1,2,0,0.333333333333333,0.666666666666667,-0.0673287891840071,-0.175939885509926,3,938
"939",1,1,0,0.5,0.5,0,-0.0788527469506606,0.224488176833678,2,939
"940",0,0,1,0,0,1,-0.0788527469506606,-0.118279120425991,1,940
"941",1,2,5,0.125,0.25,0.625,-0.0141216918523254,-0.00876054539211463,8,941
"942",1,1,3,0.2,0.2,0.6,-0.194174277118531,0.615803765417098,5,942
"943",0,0,6,0,0,1,-0.263474793141285,0.140780929707647,6,943
"944",1,0,1,0.5,0,0.5,-0.0788527469506606,-0.115321530167871,2,944
"945",0,0,2,0,0,1,0.199623252378395,0.299434878567593,2,945
"946",0,0,2,0,0,1,-0.117293257006617,0.149893403467831,2,946
"947",0,0,1,0,0,1,-0.0788527469506606,-0.0576607650839353,1,947
"948",0,1,3,0,0.25,0.75,-0.00607498250678921,0.0316142830418403,4,948
"949",0,0,2,0,0,1,-0.157705493901321,0.0172859366499803,2,949
"950",1,0,5,0.166666666666667,0,0.833333333333333,-0.0962170683120574,0.0364782273054474,6,950
"951",0,1,2,0,0.333333333333333,0.666666666666667,-0.117293257006617,-0.175939885509926,3,951
"952",0,0,2,0,0,1,-0.117293257006617,-0.236558240851982,2,952
"953",1,1,1,0.333333333333333,0.333333333333333,0.333333333333333,0.111218274499828,0.0172859366499803,3,953
"954",0,1,3,0,0.25,0.75,-0.186593773029372,0.523923055401271,4,954
"955",0,0,1,0,0,1,0.149658784555785,0.224488176833678,1,955
"956",2,0,3,0.4,0,0.6,0.120770505427735,0.0485482913237515,5,956
"957",0,0,3,0,0,1,-0.00804670934553617,-0.040374828433955,3,957
"958",2,2,6,0.2,0.2,0.6,0.299552188023616,-0.325129432241619,10,958
"959",0,0,1,0,0,1,-0.0384405100559568,0.0749467017339156,1,959
"960",0,2,1,0,0.666666666666667,0.333333333333333,0.0614884255892638,0.0749467017339156,3,960
"961",0,1,3,0,0.25,0.75,-0.274998750907939,-0.233600650593861,4,961
"962",1,2,7,0.1,0.2,0.7,0.314318775299341,-0.426474544385699,10,962
"963",0,0,1,0,0,1,0.0499644678226103,0.224488176833678,1,963
"964",1,2,1,0.25,0.5,0.25,-0.0288882791280503,-0.0433324186920753,4,964
"965",1,0,2,0.333333333333333,0,0.666666666666667,-0.117293257006617,0.109166646665807,3,965
"966",1,0,1,0.5,0,0.5,-0.0788527469506606,-0.175939885509926,2,966
"967",0,0,3,0,0,1,0.34928203693418,0.181155758141602,3,967
"968",0,1,0,0,1,0,-0.0384405100559568,0,1,968
"969",0,0,2,0,0,1,-0.157705493901321,0.166827411749742,2,969
"970",0,0,1,0,0,1,0.0499644678226103,0.224488176833678,1,970
"971",0,1,2,0,0.333333333333333,0.666666666666667,-0.107741026078711,0.299434878567593,3,971
"972",1,0,5,0.166666666666667,0,0.833333333333333,0.299552188023616,0.823357933968864,6,972
"973",4,0,6,0.4,0,0.6,0.145949949790337,-1.67856530511382,10,973
"974",1,0,0,1,0,0,0,0.0749467017339156,1,974
"975",0,0,1,0,0,1,0.0499644678226103,0.0749467017339156,1,975
"976",0,1,3,0,0.25,0.75,-0.146181536134668,0.109166646665807,4,976
"977",0,1,1,0,0.5,0.5,-0.117293257006617,-0.0576607650839353,2,977
"978",2,1,2,0.4,0.2,0.4,-0.0673287891840071,-0.00911247376018376,5,978
"979",1,0,4,0.2,0,0.8,0.122742232266482,0.823357933968864,5,979
"980",0,0,2,0,0,1,0.0999289356452207,0.149893403467831,2,980
"981",0,1,1,0,0.5,0.5,0.0708060376051245,0.224488176833678,2,981
"982",1,0,2,0.333333333333333,0,0.666666666666667,0.199623252378395,0.241774113483658,3,982
"983",0,0,1,0,0,1,0.0499644678226103,-0.0576607650839353,1,983
"984",0,0,1,0,0,1,0.149658784555785,-0.0576607650839353,1,984
"985",1,3,9,0.0769230769230769,0.230769230769231,0.692307692307692,-0.328831855486545,0.382555043191305,13,985
"986",0,2,2,0,0.5,0.5,0.0115239577666535,-0.0433324186920753,4,986
"987",0,0,2,0,0,1,-0.117293257006617,0.106209056407687,2,987
"988",1,0,2,0.333333333333333,0,0.666666666666667,0.0708060376051245,-0.0433324186920753,3,988
"989",0,0,3,0,0,1,-0.0673287891840071,0.0316142830418403,3,989
"990",0,2,2,0,0.5,0.5,0.159211015483692,0.106209056407687,4,990
"991",2,2,5,0.222222222222222,0.222222222222222,0.555555555555556,-0.071272242861501,0.373677723565371,9,991
"992",0,0,1,0,0,1,-0.0788527469506606,-0.118279120425991,1,992
"993",0,1,0,0,1,0,-0.0788527469506606,0,1,993
"994",1,0,0,1,0,0,0,-0.118279120425991,1,994
"995",2,1,10,0.153846153846154,0.0769230769230769,0.769230769230769,0.0921168452117304,-0.781311905663671,13,995
"996",1,0,4,0.2,0,0.8,-0.186593773029372,0.00521587263167625,5,996
"997",0,1,1,0,0.5,0.5,-0.0288882791280503,-0.0576607650839353,2,997
"998",0,0,5,0,0,1,0.0595166987505169,-0.0120700640183041,5,998
"999",0,0,1,0,0,1,-0.0384405100559568,0.0749467017339156,1,999
"1000",3,2,10,0.2,0.133333333333333,0.666666666666667,-0.0119153461015325,0.534354800664623,15,1000
